No.,Accounts,Sap,Name,RM,Status,Profit Margin,Profit Rate,Penalty Rate,PD (%),LGD (%),Amount Approved (MYR),Principal (MYR),Contingent LC (MYR),Contingent (MYR),Account Receivables (MYR),Cumulative Accrued Profit (MYR),Penalty (MYR),Ta'widh Compensation (MYR),IIS (MYR),Other Charges (MYR),OS CCRIS (MYR),OS Audited (MYR),Banking Exposure (MYR),ECL LAF (MYR),ECL C&C (MYR),ECL AR (MYR),Accounts
1,330801137107043000,501185,SAGE PROMASTER SDN BHD,"",Active,3,7.7700,1,0.000000,0.000000,1000000,899931.6,0,0,0,0,0,0,0,0,899931.6,899931.6,1000000,0,0,,330801137107043000
1,330801137110043700,501225,SUNNITE TIMUR SDN BHD,"",Active,0,6.8200,0,0.000000,0.000000,7000000,257306.8,0,0,0,0,0,,0,0,257306.8,257306.8,7000000,,0,,330801137110043700
1,330801137122043900,501161,ANN JOO INTEGRATED STEEL SDN BHD,,Active,0,0.0000,0,,,0,2977127.7,0,0,0,0,0,,0,0,2977127.7,2977127.7,,,,,330801137122043900
1,330802205107044100,"",YINSON GLOBAL CORPORATION (S) PTE LTD,"",Active,0,8.2500,1,0.000000,0.000000,42630000,42630000,0,0,0,0,0,,0,0,42630000,42630000,42630000,,0,,330802205107044100
1,330805013107042600,501252,MB BURWOOD PTY LTD,"",Active,2.5,8.4600,1,0.000000,0.000000,1238850,1223615.94,0,0,0,0,0,0,0,0,1223615.94,1223615.94,1223615.94,0,0,,330805013107042600
1,330805013107043800,501262,SKS CLAREMONT PTY LTD,"",Active,0,7.4100,1,0.000000,0.000000,13765000,13765000,0,0,0,0,0,,0,0,13765000,13765000,13765000,,0,,330805013107043800
1,330801137107027505,NEW ACCOUNT,TAIACE ENERGY SERVICES SDN  BHD,Nurin Akmar Zulkifli,Active-Watchlist,0,0.0000,0,0.000000,0.000000,220000,0,0,0,0,0,0,0,0,0,0,0,220000,0,0,,330801137107027505
1,330801137107027506,NEW ACCOUNT,TAIACE ENERGY SERVICES SDN  BHD,Nurin Akmar Zulkifli,Active-Watchlist,0,0.0000,0,0.000000,0.000000,760000,0,0,0,0,0,0,0,0,0,0,0,760000,0,0,,330801137107027506
